id,Name,Gender,DOB,Blood Group,Neighbourhood,Last donation date,phone,response_rate,is_active,recent_requests_received
1,Kamran Shaikh,Male,1989-08-10,A+,Landhi,2026-02-14,03159770415,0.42,True,1
2,Waqas Siddiqui,Male,2002-03-19,A-,Orangi Town,2026-01-28,03219835355,0.48,True,5
3,Tooba Mirza,Female,1984-10-28,B+,Kharadar,2026-01-11,03392791430,0.45,False,0
4,Noman Qureshi,Male,1997-05-09,B-,DHA,2025-12-25,03115997261,0.46,True,4
5,Yasir Jafri,Male,1979-12-18,AB+,Shah Faisal Colony,2025-12-08,03114246390,0.74,False,1
6,Mehwish Ali,Female,1992-07-27,AB-,Scheme 33,2026-04-06,03341167269,0.75,True,1
7,Owais Rehman,Male,2005-02-08,O+,Defence View,2025-11-04,03326889378,0.6,True,1
8,Zeeshan Malik,Male,1987-09-17,O-,North Nazimabad,2025-10-18,03280707823,0.46,False,0
9,Nida Ilyas,Female,2000-04-26,A+,PECHS,2025-10-01,03292725585,0.91,True,0
10,Rashid Ansari,Male,1982-11-07,A-,New Karachi,2026-05-07,03346651852,0.72,False,0
11,Adeel Ahmed,Male,1995-06-16,B+,Safoora,2025-08-28,03396374558,0.58,True,4
12,Ayesha Baig,Female,1977-01-25,B-,Federal B Area,2026-03-31,03203234149,0.82,True,5
13,Saad Sheikh,Male,1990-08-06,AB+,Tariq Road,2025-07-25,03222351953,0.86,True,1
14,Fahad Butt,Male,2003-03-15,AB-,Garden,2025-07-08,03154224730,0.63,False,5
15,Tooba Raza,Female,1985-10-24,O+,Gulshan-e-Iqbal,2025-06-21,03295867784,0.5,True,1
16,Tariq Abbasi,Male,1998-05-05,O-,Landhi,2025-06-04,03243332624,0.82,True,4
17,Hamza Hussain,Male,1980-12-14,A+,Orangi Town,2025-05-18,03191879360,0.72,True,1
18,Mehwish Naeem,Female,1993-07-23,A-,Kharadar,2026-03-25,03348174062,0.63,True,5
19,Usman Farooq,Male,2006-02-04,B+,DHA,2025-04-14,03274097967,0.91,True,1
20,Ahmed Khan,Male,1988-09-13,B-,Shah Faisal Colony,2026-04-27,03117233684,0.88,False,2
21,Nida Shaikh,Female,2001-04-22,AB+,Scheme 33,2025-03-11,03135534736,0.53,True,1
22,Waqas Siddiqui,Male,1983-11-03,AB-,Defence View,2025-02-22,03368022742,0.64,False,1
23,Bilal Mirza,Male,1996-06-12,O+,North Nazimabad,2025-02-05,03242206459,0.48,True,5
24,Ayesha Qureshi,Female,1978-01-21,O-,PECHS,2026-03-19,03330013656,0.94,False,2
25,Yasir Jafri,Male,1991-08-02,A+,New Karachi,2025-01-02,03217746935,1.0,True,4
26,Danish Ali,Male,2004-03-11,A-,Safoora,2024-12-16,03364954299,0.45,True,0
27,Tooba Rehman,Female,1986-10-20,B+,Federal B Area,2024-11-29,03182056059,0.78,False,4
28,Zeeshan Malik,Male,1999-05-01,B-,Tariq Road,2024-11-12,03134106178,0.63,False,4
29,Faraz Ilyas,Male,1981-12-10,AB+,Garden,2024-10-26,03234976925,0.98,True,5
30,Mehwish Ansari,Female,1994-07-19,AB-,Gulshan-e-Iqbal,2026-04-17,03161499497,0.81,True,5
31,Adeel Ahmed,Male,1976-02-28,O+,Landhi,2026-02-04,03282630317,0.47,False,1
32,Hassan Baig,Male,1989-09-09,O-,Orangi Town,2026-01-18,03343591060,0.4,True,4
33,Nida Sheikh,Female,2002-04-18,A+,Kharadar,2026-01-01,03195912998,0.7,True,5
34,Fahad Butt,Male,1984-11-27,A-,DHA,2025-12-15,03260226325,0.91,True,1
35,Imran Raza,Male,1997-06-08,B+,Shah Faisal Colony,2025-11-28,03300743469,0.86,True,4
36,Ayesha Abbasi,Female,1979-01-17,B-,Scheme 33,2026-04-06,03274029959,0.69,True,2
37,Hamza Hussain,Male,1992-08-26,AB+,Defence View,2025-10-25,03265095391,0.54,True,4
38,Junaid Naeem,Male,2005-03-07,AB-,North Nazimabad,2025-10-08,03142282368,0.45,False,0
39,Tooba Farooq,Female,1987-10-16,O+,PECHS,2025-09-21,03385994444,0.86,True,5
40,Ahmed Khan,Male,2000-05-25,O-,New Karachi,2026-05-17,03355165283,0.97,True,2
41,Kamran Shaikh,Male,1982-12-06,A+,Safoora,2025-08-18,03383292704,0.92,False,1
42,Mehwish Siddiqui,Female,1995-07-15,A-,Federal B Area,2026-03-31,03389532383,0.85,True,5
43,Bilal Mirza,Male,1977-02-24,B+,Tariq Road,2025-07-15,03267351411,0.64,True,3
44,Noman Qureshi,Male,1990-09-05,B-,Garden,2025-06-28,03377871414,0.67,True,1
45,Nida Jafri,Female,2003-04-14,AB+,Gulshan-e-Iqbal,2025-06-11,03134373643,0.6,True,4
46,Danish Ali,Male,1985-11-23,AB-,Landhi,2025-05-25,03218228310,0.4,True,1
47,Owais Rehman,Male,1998-06-04,O+,Orangi Town,2025-05-08,03136185272,0.94,True,0
48,Ayesha Malik,Female,1980-01-13,O-,Kharadar,2026-03-25,03376035466,0.54,False,1
49,Faraz Ilyas,Male,1993-08-22,A+,DHA,2025-04-04,03389499014,0.48,False,1
50,Rashid Ansari,Male,2006-03-03,A-,Shah Faisal Colony,2026-05-07,03353925412,0.88,True,0
51,Tooba Ahmed,Female,1988-10-12,B+,Scheme 33,2025-03-01,03152039333,0.8,True,3
52,Hassan Baig,Male,2001-05-21,B-,Defence View,2025-02-12,03320708855,0.68,True,5
53,Saad Sheikh,Male,1983-12-02,AB+,North Nazimabad,2025-01-26,03152837693,0.44,True,0
54,Mehwish Butt,Female,1996-07-11,AB-,PECHS,2026-03-19,03233496352,0.51,False,1
55,Imran Raza,Male,1978-02-20,O+,New Karachi,2024-12-23,03326495980,0.51,False,1
56,Tariq Abbasi,Male,1991-09-01,O-,Safoora,2024-12-06,03140471954,0.67,True,0
57,Nida Hussain,Female,2004-04-10,A+,Federal B Area,2024-11-19,03390225936,0.9,True,1
58,Junaid Naeem,Male,1986-11-19,A-,Tariq Road,2024-11-02,03189287596,0.64,False,1
59,Usman Farooq,Male,1999-06-28,B+,Garden,2026-02-28,03315306864,0.94,True,3
60,Ayesha Khan,Female,1981-01-09,B-,Gulshan-e-Iqbal,2026-04-27,03101157156,0.99,True,3
61,Kamran Shaikh,Male,1994-08-18,AB+,Landhi,2026-01-25,03253142014,0.65,False,1
62,Waqas Siddiqui,Male,1976-03-27,AB-,Orangi Town,2026-01-08,03201950641,0.58,True,4
63,Tooba Mirza,Female,1989-10-08,O+,Kharadar,2025-12-22,03391088834,0.44,True,0
64,Noman Qureshi,Male,2002-05-17,O-,DHA,2025-12-05,03126919960,0.75,True,0
65,Yasir Jafri,Male,1984-12-26,A+,Shah Faisal Colony,2025-11-18,03372638348,0.45,True,0
66,Mehwish Ali,Female,1997-07-07,A-,Scheme 33,2026-04-06,03136486210,0.81,True,3
67,Owais Rehman,Male,1979-02-16,B+,Defence View,2025-10-15,03164363633,0.96,True,4
68,Zeeshan Malik,Male,1992-09-25,B-,North Nazimabad,2025-09-28,03121336143,0.77,False,5
69,Nida Ilyas,Female,2005-04-06,AB+,PECHS,2025-09-11,03380666834,0.59,True,1
70,Rashid Ansari,Male,1987-11-15,AB-,New Karachi,2026-04-17,03268676179,0.54,False,1
71,Adeel Ahmed,Male,2000-06-24,O+,Safoora,2025-08-08,03261059704,0.67,True,0
72,Ayesha Baig,Female,1982-01-05,O-,Federal B Area,2026-03-31,03346040164,0.77,True,0
73,Saad Sheikh,Male,1995-08-14,A+,Tariq Road,2025-07-05,03388640273,0.53,True,1
74,Fahad Butt,Male,1977-03-23,A-,Garden,2025-06-18,03287372691,0.93,True,2
75,Tooba Raza,Female,1990-10-04,B+,Gulshan-e-Iqbal,2025-06-01,03253001442,0.49,True,4
76,Tariq Abbasi,Male,2003-05-13,B-,Landhi,2025-05-15,03383972873,0.4,True,5
77,Hamza Hussain,Male,1985-12-22,AB+,Orangi Town,2025-04-28,03155612579,0.96,True,2
78,Mehwish Naeem,Female,1998-07-03,AB-,Kharadar,2026-03-25,03161970293,0.93,True,2
79,Usman Farooq,Male,1980-02-12,O+,DHA,2025-03-25,03251266747,0.76,True,1
80,Ahmed Khan,Male,1993-09-21,O-,Shah Faisal Colony,2026-05-17,03241725276,0.7,True,0
81,Nida Shaikh,Female,2006-04-02,A+,Scheme 33,2025-02-19,03149552361,0.78,True,0
82,Waqas Siddiqui,Male,1988-11-11,A-,Defence View,2025-02-02,03101903577,0.6,True,5
83,Bilal Mirza,Male,2001-06-20,B+,North Nazimabad,2025-01-16,03240636163,0.5,False,4
84,Ayesha Qureshi,Female,1983-01-01,B-,PECHS,2026-03-19,03329612665,0.74,True,0
85,Yasir Jafri,Male,1996-08-10,AB+,New Karachi,2024-12-13,03180022911,0.73,True,4
86,Danish Ali,Male,1978-03-19,AB-,Safoora,2024-11-26,03396634652,0.49,True,0
87,Tooba Rehman,Female,1991-10-28,O+,Federal B Area,2024-11-09,03265494940,0.62,True,2
88,Zeeshan Malik,Male,2004-05-09,O-,Tariq Road,2024-10-23,03212783981,0.81,True,2
89,Faraz Ilyas,Male,1986-12-18,A+,Garden,2026-02-18,03318172199,0.98,True,1
90,Mehwish Ansari,Female,1999-07-27,A-,Gulshan-e-Iqbal,2026-05-07,03187242470,0.99,True,3
91,Adeel Ahmed,Male,1981-02-08,B+,Landhi,2026-01-15,03113307079,0.51,True,3
92,Hassan Baig,Male,1994-09-17,B-,Orangi Town,2025-12-29,03233233772,0.56,True,3
93,Nida Sheikh,Female,1976-04-26,AB+,Kharadar,2025-12-12,03120790113,0.92,True,1
94,Fahad Butt,Male,1989-11-07,AB-,DHA,2025-11-25,03347123418,0.61,True,1
95,Imran Raza,Male,2002-06-16,O+,Shah Faisal Colony,2025-11-08,03112704747,0.8,False,2
96,Ayesha Abbasi,Female,1984-01-25,O-,Scheme 33,2026-04-06,03249573877,0.92,True,2
97,Hamza Hussain,Male,1997-08-06,A+,Defence View,2025-10-05,03373485089,0.64,True,0
98,Junaid Naeem,Male,1979-03-15,A-,North Nazimabad,2025-09-18,03161923628,0.93,True,1
99,Tooba Farooq,Female,1992-10-24,B+,PECHS,2025-09-01,03242521168,0.42,False,2
100,Ahmed Khan,Male,2005-05-05,B-,New Karachi,2026-04-27,03268404227,0.66,True,3
101,Kamran Shaikh,Male,1987-12-14,AB+,Safoora,2025-07-29,03202047765,0.55,False,0
102,Mehwish Siddiqui,Female,2000-07-23,AB-,Federal B Area,2026-03-31,03379130110,0.96,True,2
103,Bilal Mirza,Male,1982-02-04,O+,Tariq Road,2025-06-25,03331551028,0.44,True,4
104,Noman Qureshi,Male,1995-09-13,O-,Garden,2025-06-08,03268532176,0.8,True,5
105,Nida Jafri,Female,1977-04-22,A+,Gulshan-e-Iqbal,2025-05-22,03261234290,0.7,False,2
106,Danish Ali,Male,1990-11-03,A-,Landhi,2025-05-05,03316037062,0.82,True,1
107,Owais Rehman,Male,2003-06-12,B+,Orangi Town,2025-04-18,03325725407,0.8,False,5
108,Ayesha Malik,Female,1985-01-21,B-,Kharadar,2026-03-25,03193430216,0.77,True,3
109,Faraz Ilyas,Male,1998-08-02,AB+,DHA,2025-03-15,03394171548,0.9,True,2
110,Rashid Ansari,Male,1980-03-11,AB-,Shah Faisal Colony,2026-04-17,03212840968,0.66,True,3
111,Tooba Ahmed,Female,1993-10-20,O+,Scheme 33,2025-02-09,03337182060,0.67,True,4
112,Hassan Baig,Male,2006-05-01,O-,Defence View,2025-01-23,03354039896,0.88,True,5
113,Saad Sheikh,Male,1988-12-10,A+,North Nazimabad,2025-01-06,03145524257,0.57,True,0
114,Mehwish Butt,Female,2001-07-19,A-,PECHS,2026-03-19,03226094117,0.8,True,1
115,Imran Raza,Male,1983-02-28,B+,New Karachi,2024-12-03,03179110057,0.41,True,3
116,Tariq Abbasi,Male,1996-09-09,B-,Safoora,2024-11-16,03139099358,0.67,True,5
117,Nida Hussain,Female,1978-04-18,AB+,Federal B Area,2024-10-30,03306146870,0.7,True,1
118,Junaid Naeem,Male,1991-11-27,AB-,Tariq Road,2026-02-25,03102976848,0.94,True,3
119,Usman Farooq,Male,2004-06-08,O+,Garden,2026-02-08,03217489440,0.51,False,0
120,Ayesha Khan,Female,1986-01-17,O-,Gulshan-e-Iqbal,2026-05-17,03399254959,0.55,True,3
121,Kamran Shaikh,Male,1999-08-26,A+,Landhi,2026-01-05,03171585884,0.88,True,3
122,Waqas Siddiqui,Male,1981-03-07,A-,Orangi Town,2025-12-19,03371000712,0.66,False,1
123,Tooba Mirza,Female,1994-10-16,B+,Kharadar,2025-12-02,03354838897,0.67,True,5
124,Noman Qureshi,Male,1976-05-25,B-,DHA,2025-11-15,03248880396,0.86,False,5
125,Yasir Jafri,Male,1989-12-06,AB+,Shah Faisal Colony,2025-10-29,03228444147,0.56,True,5
126,Mehwish Ali,Female,2002-07-15,AB-,Scheme 33,2026-04-06,03253399134,0.54,True,2
127,Owais Rehman,Male,1984-02-24,O+,Defence View,2025-09-25,03389992016,0.45,True,1
128,Zeeshan Malik,Male,1997-09-05,O-,North Nazimabad,2025-09-08,03305640506,0.82,True,0
129,Nida Ilyas,Female,1979-04-14,A+,PECHS,2025-08-22,03322730506,0.64,False,3
130,Rashid Ansari,Male,1992-11-23,A-,New Karachi,2026-05-07,03133428651,0.52,False,3
131,Adeel Ahmed,Male,2005-06-04,B+,Safoora,2025-07-19,03110486136,0.91,False,3
132,Ayesha Baig,Female,1987-01-13,B-,Federal B Area,2026-03-31,03103165432,0.97,True,3
133,Saad Sheikh,Male,2000-08-22,AB+,Tariq Road,2025-06-15,03324960337,0.72,True,3
134,Fahad Butt,Male,1982-03-03,AB-,Garden,2025-05-29,03217801095,0.56,False,0
135,Tooba Raza,Female,1995-10-12,O+,Gulshan-e-Iqbal,2025-05-12,03308766121,0.6,False,5
136,Tariq Abbasi,Male,1977-05-21,O-,Landhi,2025-04-25,03188607714,0.9,True,4
137,Hamza Hussain,Male,1990-12-02,A+,Orangi Town,2025-04-08,03386755443,0.42,False,4
138,Mehwish Naeem,Female,2003-07-11,A-,Kharadar,2026-03-25,03114550303,0.45,False,1
139,Usman Farooq,Male,1985-02-20,B+,DHA,2025-03-05,03347872467,0.51,True,3
140,Ahmed Khan,Male,1998-09-01,B-,Shah Faisal Colony,2026-04-27,03275746125,0.53,True,2
141,Nida Shaikh,Female,1980-04-10,AB+,Scheme 33,2025-01-30,03303541836,0.57,False,2
142,Waqas Siddiqui,Male,1993-11-19,AB-,Defence View,2025-01-13,03143973073,0.68,True,2
143,Bilal Mirza,Male,2006-06-28,O+,North Nazimabad,2024-12-27,03220378356,0.79,True,0
144,Ayesha Qureshi,Female,1988-01-09,O-,PECHS,2026-03-19,03232759212,0.52,True,4
145,Yasir Jafri,Male,2001-08-18,A+,New Karachi,2024-11-23,03181809649,0.54,False,5
146,Danish Ali,Male,1983-03-27,A-,Safoora,2024-11-06,03161412366,0.74,True,3
147,Tooba Rehman,Female,1996-10-08,B+,Federal B Area,2024-10-20,03237569787,0.86,True,4
148,Zeeshan Malik,Male,1978-05-17,B-,Tariq Road,2026-02-15,03161489365,0.87,True,2
149,Faraz Ilyas,Male,1991-12-26,AB+,Garden,2026-01-29,03158035074,0.75,True,4
150,Mehwish Ansari,Female,2004-07-07,AB-,Gulshan-e-Iqbal,2026-04-17,03301491389,0.64,True,0
151,Adeel Ahmed,Male,1986-02-16,O+,Landhi,2025-12-26,03230378770,0.46,True,5
152,Hassan Baig,Male,1999-09-25,O-,Orangi Town,2025-12-09,03164990941,0.88,True,2
153,Nida Sheikh,Female,1981-04-06,A+,Kharadar,2025-11-22,03386015427,0.66,True,0
154,Fahad Butt,Male,1994-11-15,A-,DHA,2025-11-05,03371635630,0.79,True,3
155,Imran Raza,Male,1976-06-24,B+,Shah Faisal Colony,2025-10-19,03363175037,0.46,True,5
156,Ayesha Abbasi,Female,1989-01-05,B-,Scheme 33,2026-04-06,03346820682,0.82,False,1
157,Hamza Hussain,Male,2002-08-14,AB+,Defence View,2025-09-15,03380110650,0.98,True,4
158,Junaid Naeem,Male,1984-03-23,AB-,North Nazimabad,2025-08-29,03388929379,0.86,False,3
159,Tooba Farooq,Female,1997-10-04,O+,PECHS,2025-08-12,03244093758,0.59,True,0
160,Ahmed Khan,Male,1979-05-13,O-,New Karachi,2026-05-17,03249748461,0.93,True,3
161,Kamran Shaikh,Male,1992-12-22,A+,Safoora,2025-07-09,03303468333,0.6,False,2
162,Mehwish Siddiqui,Female,2005-07-03,A-,Federal B Area,2026-03-31,03197624528,0.69,True,2
163,Bilal Mirza,Male,1987-02-12,B+,Tariq Road,2025-06-05,03282718024,0.57,True,4
164,Noman Qureshi,Male,2000-09-21,B-,Garden,2025-05-19,03105449837,0.71,True,0
165,Nida Jafri,Female,1982-04-02,AB+,Gulshan-e-Iqbal,2025-05-02,03229577042,0.83,False,4
166,Danish Ali,Male,1995-11-11,AB-,Landhi,2025-04-15,03229022929,0.81,False,3
167,Owais Rehman,Male,1977-06-20,O+,Orangi Town,2025-03-29,03109257406,0.46,True,3
168,Ayesha Malik,Female,1990-01-01,O-,Kharadar,2026-03-25,03230623464,0.58,True,3
169,Faraz Ilyas,Male,2003-08-10,A+,DHA,2025-02-23,03397143528,0.72,False,5
170,Rashid Ansari,Male,1985-03-19,A-,Shah Faisal Colony,2026-05-07,03395487561,0.6,False,2
171,Tooba Ahmed,Female,1998-10-28,B+,Scheme 33,2025-01-20,03264616964,0.55,True,5
172,Hassan Baig,Male,1980-05-09,B-,Defence View,2025-01-03,03203392904,0.59,True,1
173,Saad Sheikh,Male,1993-12-18,AB+,North Nazimabad,2024-12-17,03216170619,0.84,True,5
174,Mehwish Butt,Female,2006-07-27,AB-,PECHS,2026-03-19,03381662274,0.76,True,1
175,Imran Raza,Male,1988-02-08,O+,New Karachi,2024-11-13,03259046108,0.54,True,2
176,Tariq Abbasi,Male,2001-09-17,O-,Safoora,2024-10-27,03107595844,0.82,True,2
177,Nida Hussain,Female,1983-04-26,A+,Federal B Area,2026-02-22,03124436055,0.98,True,5
178,Junaid Naeem,Male,1996-11-07,A-,Tariq Road,2026-02-05,03167795784,0.78,False,0
179,Usman Farooq,Male,1978-06-16,B+,Garden,2026-01-19,03106584936,0.74,False,3
180,Ayesha Khan,Female,1991-01-25,B-,Gulshan-e-Iqbal,2026-04-27,03336474887,0.6,True,2
181,Kamran Shaikh,Male,2004-08-06,AB+,Landhi,2025-12-16,03356478906,0.47,True,3
182,Waqas Siddiqui,Male,1986-03-15,AB-,Orangi Town,2025-11-29,03364004426,0.44,True,1
183,Tooba Mirza,Female,1999-10-24,O+,Kharadar,2025-11-12,03180099841,0.89,True,0
184,Noman Qureshi,Male,1981-05-05,O-,DHA,2025-10-26,03233246504,0.47,False,4
185,Yasir Jafri,Male,1994-12-14,A+,Shah Faisal Colony,2025-10-09,03221164857,0.87,False,3
186,Mehwish Ali,Female,1976-07-23,A-,Scheme 33,2026-04-06,03337684029,0.58,False,2
187,Owais Rehman,Male,1989-02-04,B+,Defence View,2025-09-05,03132335898,0.77,True,1
188,Zeeshan Malik,Male,2002-09-13,B-,North Nazimabad,2025-08-19,03213293290,0.56,True,1
189,Nida Ilyas,Female,1984-04-22,AB+,PECHS,2025-08-02,03228776637,0.5,True,1
190,Rashid Ansari,Male,1997-11-03,AB-,New Karachi,2026-04-17,03101436519,0.65,False,2
191,Adeel Ahmed,Male,1979-06-12,O+,Safoora,2025-06-29,03117523391,0.54,True,5
192,Ayesha Baig,Female,1992-01-21,O-,Federal B Area,2026-03-31,03343756212,0.44,True,2
193,Saad Sheikh,Male,2005-08-02,A+,Tariq Road,2025-05-26,03206203382,0.66,True,5
194,Fahad Butt,Male,1987-03-11,A-,Garden,2025-05-09,03179988072,0.95,True,0
195,Tooba Raza,Female,2000-10-20,B+,Gulshan-e-Iqbal,2025-04-22,03132017929,0.5,True,4
196,Tariq Abbasi,Male,1982-05-01,B-,Landhi,2025-04-05,03254946631,0.66,False,5
197,Hamza Hussain,Male,1995-12-10,AB+,Orangi Town,2025-03-19,03263257712,0.82,True,4
198,Mehwish Naeem,Female,1977-07-19,AB-,Kharadar,2026-03-25,03389900395,0.7,True,4
199,Usman Farooq,Male,1990-02-28,O+,DHA,2025-02-13,03121400095,0.93,True,4
200,Ahmed Khan,Male,2003-09-09,O-,Shah Faisal Colony,2026-05-17,03234415245,0.42,True,5
